<?xml version="1.0"?>

<config xmlns:xsi="http://www.w3.org/2001/XMLSchema-instance" xsi:noNamespaceSchemaLocation="urn:magento:module:Magento_Config:etc/system_file.xsd">
    <system>
        <tab id="Amasty_SecondModule" translate="label" sortOrder="10">
            <label>Amasty SecondModule</label>
        </tab>
        <section id="amasty_second_module" translate="label" sortOrder="2" showInDefault="1" showInWebsite="0" showInStore="0">
            <label>Module Configuration</label>
            <tab>Amasty_SecondModule</tab>
            <resource>Amasty_SecondModule::config</resource>
            <group id="general" translate="label" showInDefault="1" showInWebsite="0" showInStore="0">
                <label>General Config</label>
                <field id="use_magento_cart" type="select" showInDefault="1" showInWebsite="0" showInStore="0">
                    <label>Use Magento Native Cart Controller</label>
                    <source_model>Magento\Config\Model\Config\Source\Yesno</source_model>
                </field>
                <field id="promo_sku" type="text" showInDefault="1" showInWebsite="0" showInStore="0">
                    <label>Promo SKU</label>
                </field>
                <field id="for_promo_sku" type="text" showInDefault="1" showInWebsite="0" showInStore="0">
                    <label>For SKU</label>
                </field>
            </group>
        </section>
    </system>
</config>
