<?xml version="1.0"?>

<config xmlns:xsi="http://www.w3.org/2001/XMLSchema-instance" xsi:noNamespaceSchemaLocation="urn:magento:module:Magento_Config:etc/system_file.xsd">
    <system>
        <tab id="Amasty_UserName" translate="label" sortOrder="10">
            <label>Amasty UserName Module</label>
        </tab>
        <section id="f_config" translate="label" sortOrder="2" showInDefault="1" showInWebsite="0" showInStore="0">
            <label>UserName Module Config</label>
            <tab>Amasty_UserName</tab>
            <resource>Amasty_UserName::config</resource>
            <group id="general" translate="label" showInDefault="1" showInWebsite="0" showInStore="0">
                <label>General Config</label>
                <field id="enabled" type="select" showInDefault="1" showInWebsite="0" showInStore="0">
                    <label>Is Module Enabled</label>
                    <source_model>Magento\Config\Model\Config\Source\Yesno</source_model>
                </field>
                <field id="greeting_text" type="textarea" showInDefault="1" showInWebsite="0" showInStore="0">
                    <label>Greeting Text</label>
                    <validate>required-entry</validate>
                    <depends>
                        <field id="enabled">1</field>
                    </depends>
                </field>
                <field id="qty_enabled" type="select" showInDefault="1" showInWebsite="0" showInStore="0">
                    <label>Is QTY Field Enabled</label>
                    <source_model>Magento\Config\Model\Config\Source\Yesno</source_model>
                    <depends>
                        <field id="enabled">1</field>
                    </depends>
                </field>
                <field id="qty_value" type="textarea" showInDefault="1" showInWebsite="0" showInStore="0">
                    <label>QTY Value</label>
                    <validate>required-entry</validate>
                    <depends>
                        <field id="enabled">1</field>
                        <field id="qty_enabled">1</field>
                    </depends>
                </field>
            </group>
        </section>
    </system>
</config>
